name,country_id,country_code,country_name
Badakhshan,1,KAUS,Afghanistan
Badghis,1,AF,Afghanistan
Baghlan,1,AF,Afghanistan
Balkh,1,AF,Afghanistan
Bamyan,1,AF,Afghanistan
Daykundi,1,AF,Afghanistan
Farah,1,AF,Afghanistan
Faryab,1,AF,Afghanistan
Ghazni,1,AF,Afghanistan
Ghōr,1,AF,Afghanistan
Helmand,1,AF,Afghanistan
Herat,1,AF,Afghanistan
Jowzjan,1,AF,Afghanistan
Kabul,1,AF,Afghanistan
Kandahar,1,AF,Afghanistan
Kapisa,1,AF,Afghanistan
Khost,1,AF,Afghanistan
Kunar,1,AF,Afghanistan
Kunduz Province,1,AF,Afghanistan
Laghman,1,AF,Afghanistan
Logar,1,AF,Afghanistan
Nangarhar,1,AF,Afghanistan
Nimruz,1,AF,Afghanistan
Nuristan,1,AF,Afghanistan
Paktia,1,AF,Afghanistan
Paktika,1,AF,Afghanistan
Panjshir,1,AF,Afghanistan
Parwan,1,AF,Afghanistan
Samangan,1,AF,Afghanistan
Sar-e Pol,1,AF,Afghanistan
Takhar,1,AF,Afghanistan
Urozgan,1,AF,Afghanistan
Wardak,1,AF,Afghanistan
Zabul,1,AF,Afghanistan
Brändö,2,AX,Aland Islands
Eckerö,2,AX,Aland Islands
Finström,2,AX,Aland Islands
Föglö,2,AX,Aland Islands
Geta,2,AX,Aland Islands
Hammarland,2,AX,Aland Islands
Jomala,2,AX,Aland Islands
Kökar,2,AX,Aland Islands
Kumlinge,2,AX,Aland Islands
Lemland,2,AX,Aland Islands
Lumparland,2,AX,Aland Islands
Mariehamn,2,AX,Aland Islands
Saltvik,2,AX,Aland Islands
Sottunga,2,AX,Aland Islands
Sund,2,AX,Aland Islands
Vårdö,2,AX,Aland Islands
Berat,3,AL,Albania
Dibër,3,AL,Albania
Durrës,3,AL,Albania
Elbasan,3,AL,Albania
Fier,3,AL,Albania
Gjirokastër,3,AL,Albania
Korçë,3,AL,Albania
Kukës,3,AL,Albania
Lezhë,3,AL,Albania
Shkodër,3,AL,Albania
Tirana,3,AL,Albania
Vlorë,3,AL,Albania
Adrar,4,DZ,Algeria
Aïn Defla,4,DZ,Algeria
Aïn Témouchent,4,DZ,Algeria
Algiers,4,DZ,Algeria
Annaba,4,DZ,Algeria
Batna,4,DZ,Algeria
Béchar,4,DZ,Algeria
Béjaïa,4,DZ,Algeria
Béni Abbès,4,DZ,Algeria
Biskra,4,DZ,Algeria
Blida,4,DZ,Algeria
Bordj Baji Mokhtar,4,DZ,Algeria
Bordj Bou Arréridj,4,DZ,Algeria
Bouïra,4,DZ,Algeria
Boumerdès,4,DZ,Algeria
Chlef,4,DZ,Algeria
Constantine,4,DZ,Algeria
Djanet,4,DZ,Algeria
Djelfa,4,DZ,Algeria
El Bayadh,4,DZ,Algeria
El M'ghair,4,DZ,Algeria
El Menia,4,DZ,Algeria
El Oued,4,DZ,Algeria
El Tarf,4,DZ,Algeria
Ghardaïa,4,DZ,Algeria
Guelma,4,DZ,Algeria
Illizi,4,DZ,Algeria
In Guezzam,4,DZ,Algeria
In Salah,4,DZ,Algeria
Jijel,4,DZ,Algeria
Khenchela,4,DZ,Algeria
Laghouat,4,DZ,Algeria
M'Sila,4,DZ,Algeria
Mascara,4,DZ,Algeria
Médéa,4,DZ,Algeria
Mila,4,DZ,Algeria
Mostaganem,4,DZ,Algeria
Naama,4,DZ,Algeria
Oran,4,DZ,Algeria
Ouargla,4,DZ,Algeria
Ouled Djellal,4,DZ,Algeria
Oum El Bouaghi,4,DZ,Algeria
Relizane,4,DZ,Algeria
Saïda,4,DZ,Algeria
Sétif,4,DZ,Algeria
Sidi Bel Abbès,4,DZ,Algeria
Skikda,4,DZ,Algeria
Souk Ahras,4,DZ,Algeria
Tamanghasset,4,DZ,Algeria
Tébessa,4,DZ,Algeria
Tiaret,4,DZ,Algeria
Timimoun,4,DZ,Algeria
Tindouf,4,DZ,Algeria
Tipasa,4,DZ,Algeria
Tissemsilt,4,DZ,Algeria
Tizi Ouzou,4,DZ,Algeria
Tlemcen,4,DZ,Algeria
Touggourt,4,DZ,Algeria
Eastern,5,AS,American Samoa
Manuʻa,5,AS,American Samoa
Rose,5,AS,American Samoa
Swains,5,AS,American Samoa
Western,5,AS,American Samoa
Andorra la Vella,6,AD,Andorra
Canillo,6,AD,Andorra
Encamp,6,AD,Andorra
Escaldes-Engordany,6,AD,Andorra
La Massana,6,AD,Andorra
Ordino,6,AD,Andorra
Sant Julià de Lòria,6,AD,Andorra
Bengo,7,AO,Angola
Benguela,7,AO,Angola
Bié,7,AO,Angola
Cabinda,7,AO,Angola
Cuando Cubango,7,AO,Angola
Cuanza,7,AO,Angola
Cuanza Norte,7,AO,Angola
Cunene,7,AO,Angola
Huambo,7,AO,Angola
Huíla,7,AO,Angola
Luanda,7,AO,Angola
Lunda Norte,7,AO,Angola
Lunda Sul,7,AO,Angola
Malanje,7,AO,Angola
Moxico,7,AO,Angola
Namibe,7,AO,Angola
Uíge,7,AO,Angola
Zaire,7,AO,Angola
Blowing Point,8,AI,Anguilla
East End,8,AI,Anguilla
George Hill,8,AI,Anguilla
Island Harbour,8,AI,Anguilla
North Hill,8,AI,Anguilla
North Side,8,AI,Anguilla
Sandy Ground,8,AI,Anguilla
Sandy Hill,8,AI,Anguilla
South Hill,8,AI,Anguilla
Stoney Ground,8,AI,Anguilla
The Farrington,8,AI,Anguilla
The Quarter,8,AI,Anguilla
The Valley,8,AI,Anguilla
West End,8,AI,Anguilla
Barbuda,10,AG,Antigua and Barbuda
Redonda,10,AG,Antigua and Barbuda
Saint George,10,AG,Antigua and Barbuda
Saint John,10,AG,Antigua and Barbuda
Saint Mary,10,AG,Antigua and Barbuda
Saint Paul,10,AG,Antigua and Barbuda
Saint Peter,10,AG,Antigua and Barbuda
Saint Philip,10,AG,Antigua and Barbuda
Autonomous City of Buenos Aires,11,AR,Argentina
Buenos Aires,11,AR,Argentina
Catamarca,11,AR,Argentina
Chaco,11,AR,Argentina
Chubut,11,AR,Argentina
Córdoba,11,AR,Argentina
Corrientes,11,AR,Argentina
Entre Ríos,11,AR,Argentina
Formosa,11,AR,Argentina
Jujuy,11,AR,Argentina
La Pampa,11,AR,Argentina
La Rioja,11,AR,Argentina
Mendoza,11,AR,Argentina
Misiones,11,AR,Argentina
Neuquén,11,AR,Argentina
Río Negro,11,AR,Argentina
Salta,11,AR,Argentina
San Juan,11,AR,Argentina
San Luis,11,AR,Argentina
Santa Cruz,11,AR,Argentina
Santa Fe,11,AR,Argentina
Santiago del Estero,11,AR,Argentina
Tierra del Fuego,11,AR,Argentina
Tucumán,11,AR,Argentina
Aragatsotn,12,AM,Armenia
Ararat,12,AM,Armenia
Armavir,12,AM,Armenia
Gegharkunik,12,AM,Armenia
Kotayk,12,AM,Armenia
Lori,12,AM,Armenia
Shirak,12,AM,Armenia
Syunik,12,AM,Armenia
Tavush,12,AM,Armenia
Vayots Dzor,12,AM,Armenia
Yerevan,12,AM,Armenia
Noord,13,AW,Aruba
Oranjestad,13,AW,Aruba
Oranjestad East,13,AW,Aruba
Oranjestad West,13,AW,Aruba
Paradera,13,AW,Aruba
San Nicolaas Noord,13,AW,Aruba
San Nicolaas Zuid,13,AW,Aruba
Santa Cruz,13,AW,Aruba
Savaneta,13,AW,Aruba
Australian Capital Territory,14,AU,Australia
New South Wales,14,AU,Australia
Northern Territory,14,AU,Australia
Queensland,14,AU,Australia
South Australia,14,AU,Australia
Tasmania,14,AU,Australia
Victoria,14,AU,Australia
Western Australia,14,AU,Australia
Burgenland,15,AT,Austria
Carinthia,15,AT,Austria
Lower Austria,15,AT,Austria
Salzburg,15,AT,Austria
Styria,15,AT,Austria
Tyrol,15,AT,Austria
Upper Austria,15,AT,Austria
Vienna,15,AT,Austria
Vorarlberg,15,AT,Austria
Absheron,16,AZ,Azerbaijan
Agdam,16,AZ,Azerbaijan
Agdash,16,AZ,Azerbaijan
Aghjabadi,16,AZ,Azerbaijan
Agstafa,16,AZ,Azerbaijan
Agsu,16,AZ,Azerbaijan
Astara,16,AZ,Azerbaijan
Babek,16,AZ,Azerbaijan
Baku,16,AZ,Azerbaijan
Balakan,16,AZ,Azerbaijan
Barda,16,AZ,Azerbaijan
Beylagan,16,AZ,Azerbaijan
Bilasuvar,16,AZ,Azerbaijan
Dashkasan,16,AZ,Azerbaijan
Fizuli,16,AZ,Azerbaijan
Ganja,16,AZ,Azerbaijan
Gədəbəy,16,AZ,Azerbaijan
Gobustan,16,AZ,Azerbaijan
Goranboy,16,AZ,Azerbaijan
Goychay,16,AZ,Azerbaijan
Goygol,16,AZ,Azerbaijan
Hajigabul,16,AZ,Azerbaijan
Imishli,16,AZ,Azerbaijan
Ismailli,16,AZ,Azerbaijan
Jabrayil,16,AZ,Azerbaijan
Jalilabad,16,AZ,Azerbaijan
Julfa,16,AZ,Azerbaijan
Kalbajar,16,AZ,Azerbaijan
Kangarli,16,AZ,Azerbaijan
Khachmaz,16,AZ,Azerbaijan
,Khankendi,16,AZ,Azerbaijan
Khizi,16,AZ,Azerbaijan
Khojali,16,AZ,Azerbaijan
Kurdamir,16,AZ,Azerbaijan
Lachin,16,AZ,Azerbaijan
Lankaran,16,AZ,Azerbaijan
Lankaran,16,AZ,Azerbaijan
Lerik,16,AZ,Azerbaijan
Martuni,16,AZ,Azerbaijan
Masally,16,AZ,Azerbaijan
Mingachevir,16,AZ,Azerbaijan
,Naftalan,16,AZ,Azerbaijan
,Nakhchivan,16,AZ,Azerbaijan
Nakhchivan,16,AZ,Azerbaijan
Neftchala,16,AZ,Azerbaijan
Oghuz,16,AZ,Azerbaijan
Ordubad,16,AZ,Azerbaijan
Qabala,16,AZ,Azerbaijan
Qakh,16,AZ,Azerbaijan
Qazakh,16,AZ,Azerbaijan
Quba,16,AZ,Azerbaijan
Qubadli,16,AZ,Azerbaijan
Qusar,16,AZ,Azerbaijan
Saatly,16,AZ,Azerbaijan
Sabirabad,16,AZ,Azerbaijan
Sadarak,16,AZ,Azerbaijan
Salyan,16,AZ,Azerbaijan
Samukh,16,AZ,Azerbaijan
Shabran,16,AZ,Azerbaijan
Shahbuz,16,AZ,Azerbaijan
Shaki,16,AZ,Azerbaijan
Shaki,16,AZ,Azerbaijan
Shamakhi,16,AZ,Azerbaijan
Shamkir,16,AZ,Azerbaijan
Sharur,16,AZ,Azerbaijan
Shirvan,16,AZ,Azerbaijan
Shusha,16,AZ,Azerbaijan
Siazan,16,AZ,Azerbaijan
Sumqayit,16,AZ,Azerbaijan
Tartar,16,AZ,Azerbaijan
Tovuz,16,AZ,Azerbaijan
Ujar,16,AZ,Azerbaijan
Yardymli,16,AZ,Azerbaijan
Yevlakh,16,AZ,Azerbaijan
Yevlakh,16,AZ,Azerbaijan
Zangilan,16,AZ,Azerbaijan
Zaqatala,16,AZ,Azerbaijan
Zardab,16,AZ,Azerbaijan
Capital,18,BH,Bahrain
Muharraq,18,BH,Bahrain
Northern,18,BH,Bahrain
Southern,18,BH,Bahrain
Bagerhat,19,BD,Bangladesh
Bandarban,19,BD,Bangladesh
Barguna,19,BD,Bangladesh
Barisal ,19,BD,Bangladesh
Barishal,19,BD,Bangladesh
Bhola,19,BD,Bangladesh
Bogura,19,BD,Bangladesh
Brahmanbaria,19,BD,Bangladesh
Chandpur,19,BD,Bangladesh
Chapai Nawabganj,19,BD,Bangladesh
Chattogram,19,BD,Bangladesh
Chittagong ,19,BD,Bangladesh
Chuadanga,19,BD,Bangladesh
Cox's Bazar,19,BD,Bangladesh
Cumilla,19,BD,Bangladesh
Dhaka,19,BD,Bangladesh
Dhaka ,19,BD,Bangladesh
Dinajpur,19,BD,Bangladesh
Faridpur,19,BD,Bangladesh
Feni,19,BD,Bangladesh
Gaibandha,19,BD,Bangladesh
Gazipur,19,BD,Bangladesh
Gopalganj,19,BD,Bangladesh
Habiganj,19,BD,Bangladesh
Jamalpur,19,BD,Bangladesh
Jashore,19,BD,Bangladesh
Jhalakathi,19,BD,Bangladesh
Jhenaidah,19,BD,Bangladesh
Joypurhat,19,BD,Bangladesh
Khagrachhari,19,BD,Bangladesh
Khulna,19,BD,Bangladesh
hulna ,19,BD,Bangladesh
Kishoreganj,19,BD,Bangladesh
Kurigram,19,BD,Bangladesh
Kushtia,19,BD,Bangladesh
Lakshmipur,19,BD,Bangladesh
Lalmonirhat,19,BD,Bangladesh
Madaripur,19,BD,Bangladesh
Magura,19,BD,Bangladesh
Manikganj,19,BD,Bangladesh
Meherpur,19,BD,Bangladesh
Moulvibazar,19,BD,Bangladesh
Munshiganj,19,BD,Bangladesh
Mymensingh,19,BD,Bangladesh
ymensingh ,19,BD,Bangladesh
Naogaon,19,BD,Bangladesh
Narail,19,BD,Bangladesh
Narayanganj,19,BD,Bangladesh
Narsingdi,19,BD,Bangladesh
Natore,19,BD,Bangladesh
Netrakona,19,BD,Bangladesh
Nilphamari,19,BD,Bangladesh
Noakhali,19,BD,Bangladesh
Pabna,19,BD,Bangladesh
Panchagarh,19,BD,Bangladesh
Patuakhali,19,BD,Bangladesh
Pirojpur,19,BD,Bangladesh
Rajbari,19,BD,Bangladesh
Rajshahi,19,BD,Bangladesh
ajshahi ,19,BD,Bangladesh
Rangamati,19,BD,Bangladesh
angpur ,19,BD,Bangladesh
Rangpur,19,BD,Bangladesh
Satkhira,19,BD,Bangladesh
Shariatpur,19,BD,Bangladesh
Sherpur,19,BD,Bangladesh
Sirajganj,19,BD,Bangladesh
Sunamganj,19,BD,Bangladesh
ylhet ,19,BD,Bangladesh
Sylhet,19,BD,Bangladesh
Tangail,19,BD,Bangladesh
Thakurgaon,19,BD,Bangladesh
Christ Church,20,BB,Barbados
Saint Andrew,20,BB,Barbados
Saint George,20,BB,Barbados
Saint James,20,BB,Barbados
Saint John,20,BB,Barbados
Saint Joseph,20,BB,Barbados
Saint Lucy,20,BB,Barbados
Saint Michael,20,BB,Barbados
Saint Peter,20,BB,Barbados
Saint Philip,20,BB,Barbados
Saint Thomas,20,BB,Barbados
Brest,21,BY,Belarus
Gomel,21,BY,Belarus
Grodno,21,BY,Belarus
Minsk,21,BY,Belarus
Minsk,21,BY,Belarus
Mogilev,21,BY,Belarus
Vitebsk,21,BY,Belarus
Antwerp,22,BE,Belgium
Brussels-Capital ,22,BE,Belgium
East Flanders,22,BE,Belgium
Flanders,22,BE,Belgium
Flemish Brabant,22,BE,Belgium
Hainaut,22,BE,Belgium
Liège,22,BE,Belgium
Limburg,22,BE,Belgium
Luxembourg,22,BE,Belgium
Namur,22,BE,Belgium
Wallonia,22,BE,Belgium
Walloon Brabant,22,BE,Belgium
West Flanders,22,BE,Belgium
elize,23,BZ,Belize
ayo,23,BZ,Belize
orozal,23,BZ,Belize
range Walk,23,BZ,Belize
tann Creek,23,BZ,Belize
oledo,23,BZ,Belize
Alibori,24,BJ,Benin
Atakora,24,BJ,Benin
Atlantique,24,BJ,Benin
Borgou,24,BJ,Benin
Collines,24,BJ,Benin
Donga,24,BJ,Benin
Kouffo,24,BJ,Benin
Littoral,24,BJ,Benin
Mono,24,BJ,Benin
Ouémé,24,BJ,Benin
Plateau,24,BJ,Benin
Zou,24,BJ,Benin
Devonshire,25,BM,Bermuda
Hamilton,25,BM,Bermuda
Paget,25,BM,Bermuda
Pembroke,25,BM,Bermuda
Saint George's,25,BM,Bermuda
Sandys,25,BM,Bermuda
Smith's,25,BM,Bermuda
Southampton,25,BM,Bermuda
Warwick,25,BM,Bermuda
umthang ,26,BT,Bhutan
hukha ,26,BT,Bhutan
agana ,26,BT,Bhutan
asa ,26,BT,Bhutan
aa ,26,BT,Bhutan
huntse ,26,BT,Bhutan
ongar ,26,BT,Bhutan
aro ,26,BT,Bhutan
emagatshel ,26,BT,Bhutan
unakha ,26,BT,Bhutan
amdrup Jongkhar ,26,BT,Bhutan
amtse ,26,BT,Bhutan
arpang ,26,BT,Bhutan
himphu ,26,BT,Bhutan
"Trashi Yangtse	",26,BT,Bhutan
rashigang ,26,BT,Bhutan
rongsa ,26,BT,Bhutan
sirang ,26,BT,Bhutan
angdue Phodrang ,26,BT,Bhutan
hemgang ,26,BT,Bhutan
Beni,27,BO,Bolivia
Chuquisaca,27,BO,Bolivia
Cochabamba,27,BO,Bolivia
La Paz,27,BO,Bolivia
Oruro,27,BO,Bolivia
Pando,27,BO,Bolivia
Potosí,27,BO,Bolivia
Santa Cruz,27,BO,Bolivia
Tarija,27,BO,Bolivia
Bonaire,155,BQ,"Bonaire, Sint Eustatius and Saba"
Saba,155,BQ,"Bonaire, Sint Eustatius and Saba"
Sint Eustatius,155,BQ,"Bonaire, Sint Eustatius and Saba"
rčko,28,BA,Bosnia and Herzegovina
ederation of Bosnia and Herzegovina,28,BA,Bosnia and Herzegovina
epublika Srpska,28,BA,Bosnia and Herzegovina
Central,29,BW,Botswana
Chobe,29,BW,Botswana
Francistown,29,BW,Botswana
Gaborone,29,BW,Botswana
Ghanzi,29,BW,Botswana
Jwaneng,29,BW,Botswana
Kgalagadi,29,BW,Botswana
Kgatleng,29,BW,Botswana
Kweneng,29,BW,Botswana
Lobatse,29,BW,Botswana
North-East,29,BW,Botswana
North-West,29,BW,Botswana
Selibe Phikwe,29,BW,Botswana
South-East,29,BW,Botswana
Southern,29,BW,Botswana
Sowa Town,29,BW,Botswana
Acre,31,BR,Brazil
Alagoas,31,BR,Brazil
Amapá,31,BR,Brazil
Amazonas,31,BR,Brazil
Bahia,31,BR,Brazil
Ceará,31,BR,Brazil
Distrito Federal,31,BR,Brazil
Espírito Santo,31,BR,Brazil
Goiás,31,BR,Brazil
Maranhão,31,BR,Brazil
Mato Grosso,31,BR,Brazil
Mato Grosso do Sul,31,BR,Brazil
Minas Gerais,31,BR,Brazil
Pará,31,BR,Brazil
Paraíba,31,BR,Brazil
Paraná,31,BR,Brazil
Pernambuco,31,BR,Brazil
Piauí,31,BR,Brazil
Rio de Janeiro,31,BR,Brazil
Rio Grande do Norte,31,BR,Brazil
Rio Grande do Sul,31,BR,Brazil
Rondônia,31,BR,Brazil
Roraima,31,BR,Brazil
Santa Catarina,31,BR,Brazil
São Paulo,31,BR,Brazil
Sergipe,31,BR,Brazil
Tocantins,31,BR,Brazil
Belait,33,BN,Brunei
Brunei-Muara,33,BN,Brunei
Temburong,33,BN,Brunei
Tutong,33,BN,Brunei
Blagoevgrad,34,BG,Bulgaria
Burgas,34,BG,Bulgaria
Dobrich,34,BG,Bulgaria
Gabrovo,34,BG,Bulgaria
Haskovo,34,BG,Bulgaria
Kardzhali,34,BG,Bulgaria
Kyustendil,34,BG,Bulgaria
Lovech,34,BG,Bulgaria
Montana,34,BG,Bulgaria
Pazardzhik,34,BG,Bulgaria
Pernik,34,BG,Bulgaria
Pleven,34,BG,Bulgaria
Plovdiv,34,BG,Bulgaria
Razgrad,34,BG,Bulgaria
Ruse,34,BG,Bulgaria
Shumen,34,BG,Bulgaria
Silistra,34,BG,Bulgaria
Sliven,34,BG,Bulgaria
Smolyan,34,BG,Bulgaria
Sofia,34,BG,Bulgaria
Sofia City,34,BG,Bulgaria
Stara Zagora,34,BG,Bulgaria
Targovishte,34,BG,Bulgaria
Varna,34,BG,Bulgaria
Veliko Tarnovo,34,BG,Bulgaria
Vidin,34,BG,Bulgaria
Vratsa,34,BG,Bulgaria
Yambol,34,BG,Bulgaria
Balé,35,BF,Burkina Faso
Bam,35,BF,Burkina Faso
Banwa,35,BF,Burkina Faso
Bazèga,35,BF,Burkina Faso
Boucle du Mouhoun,35,BF,Burkina Faso
Bougouriba,35,BF,Burkina Faso
Boulgou,35,BF,Burkina Faso
Boulkiemde,35,BF,Burkina Faso
Cascades,35,BF,Burkina Faso
Centre,35,BF,Burkina Faso
Centre-Est,35,BF,Burkina Faso
Centre-Nord,35,BF,Burkina Faso
Centre-Ouest,35,BF,Burkina Faso
Centre-Sud,35,BF,Burkina Faso
Comoé,35,BF,Burkina Faso
Est,35,BF,Burkina Faso
Ganzourgou,35,BF,Burkina Faso
Gnagna,35,BF,Burkina Faso
Gourma,35,BF,Burkina Faso
Hauts-Bassins,35,BF,Burkina Faso
Houet,35,BF,Burkina Faso
Ioba,35,BF,Burkina Faso
Kadiogo,35,BF,Burkina Faso
Kénédougou,35,BF,Burkina Faso
Komondjari,35,BF,Burkina Faso
Kompienga,35,BF,Burkina Faso
Kossi,35,BF,Burkina Faso
Koulpélogo,35,BF,Burkina Faso
Kouritenga,35,BF,Burkina Faso
Kourwéogo,35,BF,Burkina Faso
Léraba,35,BF,Burkina Faso
Loroum,35,BF,Burkina Faso
Mouhoun,35,BF,Burkina Faso
Nahouri,35,BF,Burkina Faso
Namentenga,35,BF,Burkina Faso
Nayala,35,BF,Burkina Faso
Nord,35,BF,Burkina Faso
Noumbiel,35,BF,Burkina Faso
Oubritenga,35,BF,Burkina Faso
Oudalan,35,BF,Burkina Faso
Passoré,35,BF,Burkina Faso
Plateau-Central,35,BF,Burkina Faso
Poni,35,BF,Burkina Faso
Sahel,35,BF,Burkina Faso
Sanguié,35,BF,Burkina Faso
Sanmatenga,35,BF,Burkina Faso
Séno,35,BF,Burkina Faso
Sissili,35,BF,Burkina Faso
Soum,35,BF,Burkina Faso
Sourou,35,BF,Burkina Faso
Sud-Ouest,35,BF,Burkina Faso
Tapoa,35,BF,Burkina Faso
Tuy,35,BF,Burkina Faso
Yagha,35,BF,Burkina Faso
Yatenga,35,BF,Burkina Faso
Ziro,35,BF,Burkina Faso
Zondoma,35,BF,Burkina Faso
Zoundwéogo,35,BF,Burkina Faso
Bubanza,36,BI,Burundi
Bujumbura Mairie,36,BI,Burundi
Bujumbura Rural,36,BI,Burundi
Bururi,36,BI,Burundi
Cankuzo,36,BI,Burundi
Cibitoke,36,BI,Burundi
Gitega,36,BI,Burundi
Karuzi,36,BI,Burundi
Kayanza,36,BI,Burundi
Kirundo,36,BI,Burundi
Makamba,36,BI,Burundi
Muramvya,36,BI,Burundi
Muyinga,36,BI,Burundi
Mwaro,36,BI,Burundi
Ngozi,36,BI,Burundi
Rumonge,36,BI,Burundi
Rutana,36,BI,Burundi
Ruyigi,36,BI,Burundi
Banteay Meanchey,37,KH,Cambodia
Battambang,37,KH,Cambodia
Kampong Cham,37,KH,Cambodia
Kampong Chhnang,37,KH,Cambodia
Kampong Speu,37,KH,Cambodia
Kampong Thom,37,KH,Cambodia
Kampot,37,KH,Cambodia
Kandal,37,KH,Cambodia
Kep,37,KH,Cambodia
Koh Kong,37,KH,Cambodia
Kratie,37,KH,Cambodia
Mondulkiri,37,KH,Cambodia
Oddar Meanchey,37,KH,Cambodia
Pailin,37,KH,Cambodia
Phnom Penh,37,KH,Cambodia
Preah Vihear,37,KH,Cambodia
Prey Veng,37,KH,Cambodia
Pursat,37,KH,Cambodia
Ratanakiri,37,KH,Cambodia
Siem Reap,37,KH,Cambodia
Sihanoukville,37,KH,Cambodia
Stung Treng,37,KH,Cambodia
Svay Rieng,37,KH,Cambodia
Takeo,37,KH,Cambodia
Tboung Khmum,37,KH,Cambodia
Adamawa,38,CM,Cameroon
Centre,38,CM,Cameroon
East,38,CM,Cameroon
Far North,38,CM,Cameroon
Littoral,38,CM,Cameroon
North,38,CM,Cameroon
Northwest,38,CM,Cameroon
South,38,CM,Cameroon
Southwest,38,CM,Cameroon
West,38,CM,Cameroon
lberta,39,CA,Canada
ritish Columbia,39,CA,Canada
anitoba,39,CA,Canada
ew Brunswick,39,CA,Canada
ewfoundland and Labrador,39,CA,Canada
orthwest Territories,39,CA,Canada
ova Scotia,39,CA,Canada
unavut,39,CA,Canada
ntario,39,CA,Canada
rince Edward Island,39,CA,Canada
uebec,39,CA,Canada
askatchewan,39,CA,Canada
ukon,39,CA,Canada
Barlavento Islands,40,CV,Cape Verde
Boa Vista,40,CV,Cape Verde
Brava,40,CV,Cape Verde
Maio,40,CV,Cape Verde
Mosteiros,40,CV,Cape Verde
Paul,40,CV,Cape Verde
Porto Novo,40,CV,Cape Verde
Praia,40,CV,Cape Verde
Ribeira Brava,40,CV,Cape Verde
Ribeira Grande,40,CV,Cape Verde
Ribeira Grande de Santiago,40,CV,Cape Verde
Sal,40,CV,Cape Verde
Santa Catarina,40,CV,Cape Verde
Santa Catarina do Fogo,40,CV,Cape Verde
Santa Cruz,40,CV,Cape Verde
São Domingos,40,CV,Cape Verde
São Filipe,40,CV,Cape Verde
São Lourenço dos Órgãos,40,CV,Cape Verde
São Miguel,40,CV,Cape Verde
São Salvador do Mundo,40,CV,Cape Verde
São Vicente,40,CV,Cape Verde
Sotavento Islands,40,CV,Cape Verde
Tarrafal,40,CV,Cape Verde
Tarrafal de São Nicolau,40,CV,Cape Verde
Cayman Brac,41,KY,Cayman Islands
Grand Cayman,41,KY,Cayman Islands
Little Cayman,41,KY,Cayman Islands
Bamingui-Bangoran,42,CF,Central African Republic
Bangui,42,CF,Central African Republic
Basse-Kotto,42,CF,Central African Republic
Haut-Mbomou,42,CF,Central African Republic
Haute-Kotto,42,CF,Central African Republic
Kémo,42,CF,Central African Republic
Lobaye,42,CF,Central African Republic
Mambéré-Kadéï,42,CF,Central African Republic
Mbomou,42,CF,Central African Republic
Nana-Grébizi,42,CF,Central African Republic
Nana-Mambéré,42,CF,Central African Republic
Ombella-M'Poko,42,CF,Central African Republic
Ouaka,42,CF,Central African Republic
Ouham,42,CF,Central African Republic
Ouham-Pendé,42,CF,Central African Republic
Sangha-Mbaéré,42,CF,Central African Republic
Vakaga,42,CF,Central African Republic
Bahr el Gazel,43,TD,Chad
Batha,43,TD,Chad
Borkou,43,TD,Chad
Chari-Baguirmi,43,TD,Chad
Ennedi-Est,43,TD,Chad
Ennedi-Ouest,43,TD,Chad
Guéra,43,TD,Chad
Hadjer-Lamis,43,TD,Chad
Kanem,43,TD,Chad
Lac,43,TD,Chad
Logone Occidental,43,TD,Chad
Logone Oriental,43,TD,Chad
Mandoul,43,TD,Chad
Mayo-Kebbi Est,43,TD,Chad
Mayo-Kebbi Ouest,43,TD,Chad
Moyen-Chari,43,TD,Chad
N'Djamena,43,TD,Chad
Ouaddaï,43,TD,Chad
Salamat,43,TD,Chad
Sila,43,TD,Chad
Tandjilé,43,TD,Chad
Tibesti,43,TD,Chad
Wadi Fira,43,TD,Chad
Aisén del General Carlos Ibañez del Campo,44,CL,Chile
Antofagasta,44,CL,Chile
Arica y Parinacota,44,CL,Chile
Atacama,44,CL,Chile
Biobío,44,CL,Chile
Coquimbo,44,CL,Chile
La Araucanía,44,CL,Chile
Libertador General Bernardo O'Higgins,44,CL,Chile
Los Lagos,44,CL,Chile
Los Ríos,44,CL,Chile
Magallanes y de la Antártica Chilena,44,CL,Chile
Maule,44,CL,Chile
Ñuble,44,CL,Chile
Región Metropolitana de Santiago,44,CL,Chile
Tarapacá,44,CL,Chile
Valparaíso,44,CL,Chile
Anhui,45,CN,China
Beijing,45,CN,China
Chongqing,45,CN,China
Fujian,45,CN,China
Gansu,45,CN,China
Guangdong,45,CN,China
Guangxi,45,CN,China
Guizhou,45,CN,China
Hainan,45,CN,China
Hebei,45,CN,China
Heilongjiang,45,CN,China
Henan,45,CN,China
Hong Kong SAR,45,CN,China
Hubei,45,CN,China
Hunan,45,CN,China
Inner Mongolia,45,CN,China
Jiangsu,45,CN,China
Jiangxi,45,CN,China
Jilin,45,CN,China
Liaoning,45,CN,China
Macau SAR,45,CN,China
Ningxia,45,CN,China
Qinghai,45,CN,China
Shaanxi,45,CN,China
Shandong,45,CN,China
Shanghai,45,CN,China
Shanxi,45,CN,China
Sichuan,45,CN,China
Taiwan,45,CN,China
Tianjin,45,CN,China
Tibet,45,CN,China
Xinjiang,45,CN,China
Yunnan,45,CN,China
Zhejiang,45,CN,China
Amazonas,48,CO,Colombia
Antioquia,48,CO,Colombia
Arauca,48,CO,Colombia
Atlántico,48,CO,Colombia
Bogotá D.C.,48,CO,Colombia
Bolívar,48,CO,Colombia
Boyacá,48,CO,Colombia
Caldas,48,CO,Colombia
Caquetá,48,CO,Colombia
Casanare,48,CO,Colombia
Cauca,48,CO,Colombia
Cesar,48,CO,Colombia
Chocó,48,CO,Colombia
Córdoba,48,CO,Colombia
Cundinamarca,48,CO,Colombia
Guainía,48,CO,Colombia
Guaviare,48,CO,Colombia
Huila,48,CO,Colombia
La Guajira,48,CO,Colombia
Magdalena,48,CO,Colombia
Meta,48,CO,Colombia
Nariño,48,CO,Colombia
Norte de Santander,48,CO,Colombia
Putumayo,48,CO,Colombia
Quindío,48,CO,Colombia
Risaralda,48,CO,Colombia
"San Andrés, Providencia y Santa Catalina",48,CO,Colombia
Santander,48,CO,Colombia
Sucre,48,CO,Colombia
Tolima,48,CO,Colombia
Valle del Cauca,48,CO,Colombia
Vaupés,48,CO,Colombia
Vichada,48,CO,Colombia
Anjouan,49,KM,Comoros
Grande Comore,49,KM,Comoros
Mohéli,49,KM,Comoros
Bouenza,50,CG,Congo
Brazzaville,50,CG,Congo
Cuvette,50,CG,Congo
Cuvette-Ouest,50,CG,Congo
Kouilou,50,CG,Congo
Lékoumou,50,CG,Congo
Likouala,50,CG,Congo
Niari,50,CG,Congo
Plateaux,50,CG,Congo
Pointe-Noire,50,CG,Congo
Pool,50,CG,Congo
Sangha,50,CG,Congo
Alajuela,53,CR,Costa Rica
Cartago,53,CR,Costa Rica
Guanacaste,53,CR,Costa Rica
Heredia,53,CR,Costa Rica
Limón,53,CR,Costa Rica
Puntarenas,53,CR,Costa Rica
San José,53,CR,Costa Rica
jelovar-Bilogora,55,HR,Croatia
rod-Posavina,55,HR,Croatia
ubrovnik-Neretva,55,HR,Croatia
stria,55,HR,Croatia
Karlovac,55,HR,Croatia
oprivnica-Križevci,55,HR,Croatia
rapina-Zagorje,55,HR,Croatia
ika-Senj,55,HR,Croatia
eđimurje,55,HR,Croatia
sijek-Baranja,55,HR,Croatia
ožega-Slavonia,55,HR,Croatia
rimorje-Gorski Kotar,55,HR,Croatia
ibenik-Knin,55,HR,Croatia
isak-Moslavina,55,HR,Croatia
plit-Dalmatia,55,HR,Croatia
araždin,55,HR,Croatia
irovitica-Podravina,55,HR,Croatia
ukovar-Syrmia,55,HR,Croatia
adar,55,HR,Croatia
agreb,55,HR,Croatia
rtemisa,56,CU,Cuba
amagüey,56,CU,Cuba
iego de Ávila,56,CU,Cuba
ienfuegos,56,CU,Cuba
ranma,56,CU,Cuba
uantánamo,56,CU,Cuba
avana,56,CU,Cuba
olguín,56,CU,Cuba
sla de la Juventud,56,CU,Cuba
as Tunas,56,CU,Cuba
atanzas,56,CU,Cuba
ayabeque,56,CU,Cuba
inar del Río,56,CU,Cuba
ancti Spíritus,56,CU,Cuba
antiago de Cuba,56,CU,Cuba
illa Clara,56,CU,Cuba
amagusta (Mağusa),57,CY,Cyprus
yrenia (Keryneia),57,CY,Cyprus
arnaca (Larnaka),57,CY,Cyprus
imassol (Leymasun),57,CY,Cyprus
icosia (Lefkoşa),57,CY,Cyprus
aphos (Pafos),57,CY,Cyprus
Benešov,58,CZ,Czech Republic
Beroun,58,CZ,Czech Republic
Blansko,58,CZ,Czech Republic
Břeclav,58,CZ,Czech Republic
Brno-město,58,CZ,Czech Republic
Brno-venkov,58,CZ,Czech Republic
Bruntál,58,CZ,Czech Republic
Česká Lípa,58,CZ,Czech Republic
České Budějovice,58,CZ,Czech Republic
Český Krumlov,58,CZ,Czech Republic
Cheb,58,CZ,Czech Republic
Chomutov,58,CZ,Czech Republic
Chrudim,58,CZ,Czech Republic
Děčín,58,CZ,Czech Republic
Domažlice,58,CZ,Czech Republic
Frýdek-Místek,58,CZ,Czech Republic
Havlíčkův Brod,58,CZ,Czech Republic
Hodonín,58,CZ,Czech Republic
Hradec Králové,58,CZ,Czech Republic
Jablonec nad Nisou,58,CZ,Czech Republic
Jeseník,58,CZ,Czech Republic
Jičín,58,CZ,Czech Republic
Jihlava,58,CZ,Czech Republic
Jihočeský kraj,58,CZ,Czech Republic
Jihomoravský kraj,58,CZ,Czech Republic
Jindřichův Hradec,58,CZ,Czech Republic
Karlovarský kraj,58,CZ,Czech Republic
Karlovy Vary,58,CZ,Czech Republic
Karviná,58,CZ,Czech Republic
Kladno,58,CZ,Czech Republic
Klatovy,58,CZ,Czech Republic
Kolín,58,CZ,Czech Republic
Kraj Vysočina,58,CZ,Czech Republic
Královéhradecký kraj,58,CZ,Czech Republic
Kroměříž,58,CZ,Czech Republic
Kutná Hora,58,CZ,Czech Republic
Liberec,58,CZ,Czech Republic
Liberecký kraj,58,CZ,Czech Republic
Litoměřice,58,CZ,Czech Republic
Louny,58,CZ,Czech Republic
Mělník,58,CZ,Czech Republic
Mladá Boleslav,58,CZ,Czech Republic
Moravskoslezský kraj,58,CZ,Czech Republic
Most,58,CZ,Czech Republic
Náchod,58,CZ,Czech Republic
Nový Jičín,58,CZ,Czech Republic
Nymburk,58,CZ,Czech Republic
Olomouc,58,CZ,Czech Republic
Olomoucký kraj,58,CZ,Czech Republic
Opava,58,CZ,Czech Republic
Ostrava-město,58,CZ,Czech Republic
Pardubice,58,CZ,Czech Republic
Pardubický kraj,58,CZ,Czech Republic
Pelhřimov,58,CZ,Czech Republic
Písek,58,CZ,Czech Republic
Plzeň-jih,58,CZ,Czech Republic
Plzeň-město,58,CZ,Czech Republic
Plzeň-sever,58,CZ,Czech Republic
Plzeňský kraj,58,CZ,Czech Republic
Prachatice,58,CZ,Czech Republic
Praha-východ,58,CZ,Czech Republic
Praha-západ,58,CZ,Czech Republic
"Praha, Hlavní město",58,CZ,Czech Republic
Přerov,58,CZ,Czech Republic
Příbram,58,CZ,Czech Republic
Prostějov,58,CZ,Czech Republic
Rakovník,58,CZ,Czech Republic
Rokycany,58,CZ,Czech Republic
Rychnov nad Kněžnou,58,CZ,Czech Republic
Semily,58,CZ,Czech Republic
Sokolov,58,CZ,Czech Republic
Strakonice,58,CZ,Czech Republic
Středočeský kraj,58,CZ,Czech Republic
Šumperk,58,CZ,Czech Republic
Svitavy,58,CZ,Czech Republic
Tábor,58,CZ,Czech Republic
Tachov,58,CZ,Czech Republic
Teplice,58,CZ,Czech Republic
Třebíč,58,CZ,Czech Republic
Trutnov,58,CZ,Czech Republic
Uherské Hradiště,58,CZ,Czech Republic
Ústecký kraj,58,CZ,Czech Republic
Ústí nad Labem,58,CZ,Czech Republic
Ústí nad Orlicí,58,CZ,Czech Republic
Vsetín,58,CZ,Czech Republic
Vyškov,58,CZ,Czech Republic
Žďár nad Sázavou,58,CZ,Czech Republic
Zlín,58,CZ,Czech Republic
Zlínský kraj,58,CZ,Czech Republic
Znojmo,58,CZ,Czech Republic
Bas-Uélé,51,CD,Democratic Republic of the Congo
Équateur,51,CD,Democratic Republic of the Congo
Haut-Katanga,51,CD,Democratic Republic of the Congo
Haut-Lomami,51,CD,Democratic Republic of the Congo
Haut-Uélé,51,CD,Democratic Republic of the Congo
Ituri,51,CD,Democratic Republic of the Congo
Kasaï,51,CD,Democratic Republic of the Congo
Kasaï Central,51,CD,Democratic Republic of the Congo
Kasaï Oriental,51,CD,Democratic Republic of the Congo
Kinshasa,51,CD,Democratic Republic of the Congo
Kongo Central,51,CD,Democratic Republic of the Congo
Kwango,51,CD,Democratic Republic of the Congo
Kwilu,51,CD,Democratic Republic of the Congo
Lomami,51,CD,Democratic Republic of the Congo
Lualaba,51,CD,Democratic Republic of the Congo
Mai-Ndombe,51,CD,Democratic Republic of the Congo
Maniema,51,CD,Democratic Republic of the Congo